quote,author,topic,tone,takeaway
"The best time to plant a tree was 20 years ago. The second best time is now.",Chinese Proverb,Mindfulness,Philosophical,"Don't wait for the perfect moment—start today!"
"The only limit to our realization of tomorrow is our doubts of today.",Franklin D. Roosevelt,Mindfulness,Philosophical,"Silence your doubts and believe in your potential!"
"It’s not about ideas. It’s about making ideas happen.",Scott Belsky,Startup grit,Motivational,"Stop just dreaming—make your ideas a reality!"
"If something is important enough, even if the odds are against you, you should still do it.",Elon Musk,Startup grit,Motivational,"Go for what matters most, even if the odds are stacked!"
"Don't worry about failure; you only have to be right once.",Drew Houston,Startup grit,Motivational,"Don’t fear failure—keep trying until you get it right!"
"The way to get started is to quit talking and begin doing.",Walt Disney,Startup grit,Motivational,"Stop talking—take action and get started now!"
"Success is walking from failure to failure with no loss of enthusiasm.",Winston Churchill,Startup grit,Motivational,"Stay enthusiastic through setbacks and keep moving!"
"Entrepreneurship is jumping off a cliff and assembling the airplane on the way down.",Reid Hoffman,Startup grit,Humorous,"Take the leap and figure things out as you go!"
"I have not failed. I've just found 10,000 ways that won't work.",Thomas Edison,Startup grit,Humorous,"Treat every setback as a lesson on your path!"
"The road to success is dotted with many tempting parking spaces.",Will Rogers,Startup grit,Humorous,"Ignore distractions and stay focused on your goal!"
"If at first you don't succeed, redefine success.",George Carlin,Startup grit,Humorous,"Redefine success on your own terms—keep going!"
"Opportunity is missed by most people because it is dressed in overalls and looks like work.",Thomas Edison,Startup grit,Humorous,"Embrace the hard work—opportunities are in disguise!"
"The secret to successful hiring is this: look for the people who want to change the world.",Marc Benioff,Startup grit,Educational,"Build a team of visionaries who share your mission!"
"Make every detail perfect and limit the number of details to perfect.",Jack Dorsey,Startup grit,Educational,"Perfect the essentials—don’t sweat every small detail!"
"If you are not embarrassed by the first version of your product, you've launched too late.",Reid Hoffman,Startup grit,Educational,"Launch early—learn from feedback and iterate fast!"
"Timing, perseverance, and ten years of trying will eventually make you look like an overnight success.",Biz Stone,Startup grit,Educational,"Be persistent—your breakthrough will come with time!"
"Your most unhappy customers are your greatest source of learning.",Bill Gates,Startup grit,Educational,"Listen to criticism and use it to improve!"
"In the middle of difficulty lies opportunity.",Albert Einstein,Startup grit,Philosophical,"Look for opportunities even in your toughest moments!"
"Fortune favors the bold.",Virgil,Startup grit,Philosophical,"Be bold—fortune rewards your courage!"
"The journey of a thousand miles begins with one step.",Lao Tzu,Startup grit,Philosophical,"Take the first step today—your journey is waiting!"
"What would you do if you weren’t afraid?",Sheryl Sandberg,Startup grit,Philosophical,"Don’t let fear hold you back—start now!"
"Whether you think you can or you think you can't, you're right.",Henry Ford,Startup grit,Philosophical,"Believe in yourself—your mindset shapes your success!"
"The future depends on what you do today.",Mahatma Gandhi,Productivity,Motivational,"Make today count—your actions define your future!"
"Amateurs sit and wait for inspiration; the rest of us just get up and go to work.",Stephen King,Productivity,Motivational,"Don’t wait for inspiration—take action and make it happen!"
"Done is better than perfect.",Sheryl Sandberg,Productivity,Motivational,"Ship it now—perfection can come later!"
"Action is the foundational key to all success.",Pablo Picasso,Productivity,Motivational,"Start acting—success begins with your first move!"
"The key is not to prioritize what's on your schedule, but to schedule your priorities.",Stephen Covey,Productivity,Motivational,"Block your priorities in your calendar before anything else!"
"I love deadlines. I like the whooshing sound they make as they fly by.",Douglas Adams,Productivity,Humorous,"Use deadlines to drive you—don’t let them sneak up on you!"
"Never put off till tomorrow what you can do the day after tomorrow.",Mark Twain,Productivity,Humorous,"Skip procrastination—do it today, not later!"
"If it weren't for the last minute, nothing would get done.",Rita Mae Brown,Productivity,Humorous,"Plan ahead—don’t depend on last-minute miracles!"
"The sooner you fall behind, the more time you'll have to catch up.",Steven Wright,Productivity,Humorous,"Stay on track—avoid the stress of a big catch-up!"
"If you think you are too small to be effective, you've never been in bed with a mosquito.",Betty Reese,Productivity,Humorous,"Remember: small actions can have big impact—start small!"
"What gets measured gets managed.",Peter Drucker,Productivity,Educational,"Measure your progress to take control and improve!"
"Focus is saying no to the hundred other good ideas.",Steve Jobs,Productivity,Educational,"Learn to say no—focus on the one thing that matters!"
"The shortest way to do many things is to do only one thing at once.",Samuel Smiles,Productivity,Educational,"Do one thing at a time to work smarter and faster!"
"You can't improve what you don't understand.",W. Edwards Deming,Productivity,Educational,"Understand your challenges first—only then can you improve!"
"Lost time is never found again.",Benjamin Franklin,Productivity,Educational,"Protect your time—once it’s gone, it’s gone for good!"
"Time and tide wait for no man.",Geoffrey Chaucer,Productivity,Philosophical,"Seize every moment—time won’t pause for you!"
"It is not that we have a short time to live, but that we waste much of it.",Seneca,Productivity,Philosophical,"Stop wasting time—make every second count!"
"Beware the barrenness of a busy life.",Socrates,Productivity,Philosophical,"Don't let busyness hollow you out—make time for what truly matters!"
"He who is everywhere is nowhere.",Seneca,Productivity,Philosophical,"Focus on one thing at a time—don't spread yourself too thin!"
"The price of anything is the amount of life you exchange for it.",Henry David Thoreau,Productivity,Philosophical,"Value your time—spend it only on what you care about!"
"Wherever you are, be all there.",Jim Elliot,Mindfulness,Motivational,"Be fully present in each moment—immerse yourself in now!"
"Do every act of your life as though it were the very last act of your life.",Marcus Aurelius,Mindfulness,Motivational,"Live each action with purpose—treat today as your last!"
"The present moment is filled with joy and happiness. If you are attentive, you will see it.",Thich Nhat Hanh,Mindfulness,Motivational,"Open your eyes to the joy around you—practice present awareness!"
"Surrender to what is. Let go of what was. Have faith in what will be.",Sonia Ricotti,Mindfulness,Motivational,"Release control—embrace the flow of life!"
"Feelings come and go like clouds in a windy sky. Conscious breathing is my anchor.",Thich Nhat Hanh,Mindfulness,Motivational,"Anchor yourself with each breath—let feelings pass!"
"Yesterday is history, tomorrow is a mystery, today is a gift—that’s why we call it the present.",Alice Morse Earle,Mindfulness,Humorous,"Treat today as the gift it is—unwrap it fully!"
"If you're too busy to laugh, you are too busy.",Proverb,Mindfulness,Humorous,"Make time for laughter—don’t let life get too serious!"
"Life is what happens to us while we are making other plans.",Allen Saunders,Mindfulness,Humorous,"Don’t miss life—live while you plan!"
"Don't just do something; sit there.",Sylvia Boorstein,Mindfulness,Humorous,"Pause and reflect—sometimes the best action is stillness!"
"The mind is everything. What you think you become.",Gautama Buddha,Mindfulness,Educational,"Cultivate positive thoughts—shape the life you want!"
"Mindfulness isn't difficult; we just need to remember to do it.",Sharon Salzberg,Mindfulness,Educational,"Keep awareness alive—practice mindfulness now!"
"The greatest weapon against stress is our ability to choose one thought over another.",William James,Mindfulness,Educational,"Choose empowering thoughts—disarm your stress!"
"Between stimulus and response there is a space. In that space is our power to choose our response.",Viktor Frankl,Mindfulness,Educational,"Use that pause—choose your response wisely!"
"If you want to conquer the anxiety of life, live in the moment, live in the breath.",Amit Ray,Mindfulness,Educational,"Defeat anxiety by grounding yourself—breathe and be present!"
"You must live in the present, launch yourself on every wave, find your eternity in each moment.",Henry David Thoreau,Mindfulness,Philosophical,"Ride each moment fully—find your flow in now!"
"The present moment is the only moment available to us, and it is the door to all moments.",Thich Nhat Hanh,Mindfulness,Philosophical,"Step through now—all possibilities start in the present!"
"When you realize nothing is lacking, the whole world belongs to you.",Lao Tzu,Mindfulness,Philosophical,"Recognize your completeness—embrace the abundance around you!"
"All men's miseries derive from not being able to sit quietly in a room alone.",Blaise Pascal,Mindfulness,Philosophical,"Find peace in solitude—sit with your thoughts without distraction!"
"What lies behind us and what lies before us are tiny matters compared to what lies within us.",Ralph Waldo Emerson,Mindfulness,Philosophical,"Trust your inner strength—your potential matters most!"
"You can't use up creativity. The more you use, the more you have.",Maya Angelou,Creativity,Motivational,"Keep creating—your creative well will never run dry!"
"Creativity takes courage.",Henri Matisse,Creativity,Motivational,"Be brave—let your bold ideas come to life!"
"Everything you can imagine is real.",Pablo Picasso,Creativity,Motivational,"Give form to your vision—if you can imagine it, make it real!"
"Inspiration exists, but it has to find you working.",Pablo Picasso,Creativity,Motivational,"Show up—let your hard work ignite inspiration!"
"Have no fear of perfection—you'll never reach it.",Salvador Dalí,Creativity,Motivational,"Release the need for perfect—take action and iterate!"
"Creativity is allowing yourself to make mistakes. Art is knowing which ones to keep.",Scott Adams,Creativity,Humorous,"Embrace mistakes—keep what works and learn from the rest!"
"You can't wait for inspiration. You have to go after it with a club.",Jack London,Creativity,Humorous,"Hunt down inspiration—get to work and seize it!"
"Innovation is saying 'no' to 1,000 things.",Steve Jobs,Creativity,Humorous,"Learn to say no—focus on what truly matters!"
"I can't understand why people are frightened of new ideas. I'm frightened of the old ones.",John Cage,Creativity,Humorous,"Challenge the old—embrace fresh ideas without fear!"
"The chief enemy of creativity is 'good' sense.",Pablo Picasso,Creativity,Humorous,"Break free from convention—let creativity run wild!"
"Good artists copy; great artists steal.",Pablo Picasso,Creativity,Educational,"Study the masters—transform inspiration into innovation!"
"Design is not just what it looks like and feels like. Design is how it works.",Steve Jobs,Creativity,Educational,"Focus on function—craft solutions that work seamlessly!"
"Creativity is intelligence having fun.",Albert Einstein,Creativity,Educational,"Have fun with your ideas—let your intelligence play!"
"The true sign of intelligence is not knowledge but imagination.",Albert Einstein,Creativity,Educational,"Trust your imagination—it's your greatest asset!"
"An essential aspect of creativity is not being afraid to fail.",Edwin Land,Creativity,Educational,"Embrace failure—it's a stepping stone to greatness!"
"Art enables us to find ourselves and lose ourselves at the same time.",Thomas Merton,Creativity,Philosophical,"Lose yourself in creation—discover who you are through art!"
"Imagination is more important than knowledge.",Albert Einstein,Creativity,Philosophical,"Let imagination lead—its power transcends facts!"
"The desire to create is one of the deepest yearnings of the human soul.",Dieter F. Uchtdorf,Creativity,Philosophical,"Honor your creative calling—listen to your soul's urge to create!"
"Every act of creation is first an act of destruction.",Pablo Picasso,Creativity,Philosophical,"Embrace transformation—tear down the old to build something new!"
"We don't make mistakes, just happy little accidents.",Bob Ross,Creativity,Philosophical,"See mistakes as happy accidents—let them guide your next creation!"
"The stock market is a device for transferring money from the impatient to the patient.",Warren Buffett,Investment wisdom,Motivational,"Stay patient—let time reward your disciplined approach!"
"Risk comes from not knowing what you're doing.",Warren Buffett,Investment wisdom,Motivational,"Educate yourself—knowledge is your best risk manager!"
"The individual investor should act consistently as an investor and not as a speculator.",Benjamin Graham,Investment wisdom,Motivational,"Commit to a strategy—avoid speculation and trust your plan!"
"Price is what you pay. Value is what you get.",Warren Buffett,Investment wisdom,Motivational,"Look for value—don’t judge investments by price alone!"
"In investing, what is comfortable is rarely profitable.",Robert Arnott,Investment wisdom,Motivational,"Step out of your comfort zone—profit favors the bold!"
"Markets can remain irrational longer than you can remain solvent.",John Maynard Keynes,Investment wisdom,Humorous,"Prepare for volatility—don’t bet the farm on a single outcome!"
"Only when the tide goes out do you discover who's been swimming naked.",Warren Buffett,Investment wisdom,Humorous,"Protect yourself—plan for downturns before they arrive!"
"I made my money the old-fashioned way. I was very nice to a wealthy relative right before he died.",Malcolm Forbes,Investment wisdom,Humorous,"Build real skills—rely on your effort, not luck!"
"If you have trouble imagining a 20% loss in the stock market, you shouldn't be in stocks.",John Bogle,Investment wisdom,Humorous,"Be ready for losses—invest only what you can afford to lose!"
"The four most dangerous words in investing are: 'this time it's different.'",John Templeton,Investment wisdom,Humorous,"Beware the ‘this time is different’ trap—stick to fundamentals!"
"Know what you own, and know why you own it.",Peter Lynch,Investment wisdom,Educational,"Understand each holding—know your ‘why’ before you invest!"
"The investor's chief problem—and even his worst enemy—is likely to be himself.",Benjamin Graham,Investment wisdom,Educational,"Master your emotions—don’t let fear or greed drive your decisions!"
"Diversification is protection against ignorance. It makes little sense if you know what you are doing.",Warren Buffett,Investment wisdom,Educational,"Balance focus and diversification—protect yourself where needed!"
"In the short run, the market is a voting machine, but in the long run it is a weighing machine.",Benjamin Graham,Investment wisdom,Educational,"Think long term—ignore daily noise and focus on value!"
"Invest in yourself. Your career is the engine of your wealth.",Paul Clitheroe,Investment wisdom,Educational,"Invest in your skills—your growth fuels your returns!"
"Wealth consists not in having great possessions, but in having few wants.",Epictetus,Investment wisdom,Philosophical,"Cultivate contentment—true wealth is needing less!"
"An investment in knowledge pays the best interest.",Benjamin Franklin,Investment wisdom,Philosophical,"Keep learning—knowledge compounds better than money!"
"Money is a terrible master but an excellent servant.",P. T. Barnum,Investment wisdom,Philosophical,"Control your money—make it work for you, not the other way around!"
"It's not how much money you make, but how much money you keep.",Robert Kiyosaki,Investment wisdom,Philosophical,"Prioritize savings—keeping money matters more than earning it!"
"Do not save what is left after spending; instead spend what is left after saving.",Warren Buffett,Investment wisdom,Philosophical,"Pay yourself first—save before you spend!"
"The biggest risk is not taking any risk.",Mark Zuckerberg,Entrepreneurship,Motivational,"Take calculated risks—avoiding risk is the greatest risk!"
"Dream big. Start small. But most of all, start.",Simon Sinek,Entrepreneurship,Motivational,"Don’t just dream—take that first step now!"
"Stay hungry, stay foolish.",Steve Jobs,Entrepreneurship,Motivational,"Keep your curiosity alive—never settle or stop learning!"
"Chase the vision, not the money; the money will end up following you.",Tony Hsieh,Entrepreneurship,Motivational,"Focus on your vision—let success follow your passion!"
"Do not be embarrassed by your failures; learn from them and start again.",Richard Branson,Entrepreneurship,Motivational,"Own your failures—learn, adapt, and keep moving forward!"
"Be nice to nerds. You may end up working for them.",Bill Gates,Entrepreneurship,Humorous,"Value expertise—nerds drive innovation, so collaborate!"
"Entrepreneurs are willing to work 80 hours a week to avoid working 40 hours a week.",Lori Greiner,Entrepreneurship,Humorous,"Be prepared to hustle—hard work beats comfort every time!"
"I choose a lazy person to do a hard job, because a lazy person will find an easy way to do it.",Bill Gates,Entrepreneurship,Humorous,"Work smarter—find efficient solutions rather than brute force!"
"The difference between a boss and a leader: a boss says 'Go!' a leader says 'Let's go!'",E. M. Kelly,Entrepreneurship,Humorous,"Lead by example—roll up your sleeves and work alongside your team!"
"Business opportunities are like buses; there's always another one coming.",Richard Branson,Entrepreneurship,Humorous,"Don’t stress over missed chances—another opportunity awaits!"
"In the end, a vision without the ability to execute is probably a hallucination.",Steve Case,Entrepreneurship,Educational,"Pair vision with action—ideas need execution to succeed!"
"Customers don’t expect you to be perfect. They do expect you to fix things when they go wrong.",Donald Porter,Entrepreneurship,Educational,"Own your mistakes—quickly resolve issues to keep trust!"
"If you define yourself by how you differ from the competition, you're probably in trouble.",Omar Hamoui,Entrepreneurship,Educational,"Focus on your strengths—don’t get lost comparing yourself!"
"A business that makes nothing but money is a poor business.",Henry Ford,Entrepreneurship,Educational,"Build purpose into profit—impact matters as much as revenue!"
"The purpose of business is to create and keep a customer.",Peter Drucker,Entrepreneurship,Educational,"Prioritize customers—acquire and retain them for lasting success!"
"A ship in harbor is safe, but that is not what ships are built for.",John A. Shedd,Entrepreneurship,Philosophical,"Venture out—risk is the price of progress and discovery!"
"The most dangerous poison is the feeling of achievement. The antidote is to think what can be done better tomorrow.",Ingvar Kamprad,Entrepreneurship,Philosophical,"Stay humble—always ask how you can improve for tomorrow!"
"Don't be afraid to give up the good to go for the great.",John D. Rockefeller,Entrepreneurship,Philosophical,"Let go of comfort—pursue greatness with confidence!"
"We are what we repeatedly do. Excellence, then, is not an act but a habit.",Will Durant,Entrepreneurship,Philosophical,"Practice excellence daily—make it your habit!"
"Vision without execution is just hallucination.",Thomas Edison,Entrepreneurship,Philosophical,"Turn your vision into reality—execute relentlessly!"

